use spaghetti;
insert into TSP_POINT (idp, name, location, x, y) values
(1, 'Cay xanh', 'truong DH KHTN', 106.7986823851482, 10.876185156455417),
(2, 'Bong den', 'truong DH TDTT', 106.79597871846113, 10.872455347930213),
(3, 'Ghe da', 'truong DH CNTT', 106.80378931111271, 10.870369163501929),
(4, 'node', 'lang Dai Hoc', 106.79134386128325, 10.866997521468168),
(5, 'node', 'lang Dai Hoc', 106.79413335865881, 10.865395978158253),
(6, 'node', 'lang Dai Hoc', 106.79833906239429, 10.864637349380688),
(7, 'node', 'lang Dai Hoc', 106.80366056507997, 10.867882581189418),
(8, 'node', 'lang Dai Hoc', 106.8083812529463, 10.873403608756607),
(9, 'node', 'lang Dai Hoc', 106.80511968678411, 10.875552988801912),
(10, 'node', 'lang Dai Hoc', 106.80318849629333, 10.876522311989321),
(11, 'node', 'lang Dai Hoc', 106.80074232167169, 10.876522311989321),
(12, 'node', 'lang Dai Hoc', 106.79949777668874, 10.878798101871515),
(13, 'node', 'lang Dai Hoc', 106.79675119465743, 10.878882390052073),
(14, 'node', 'lang Dai Hoc', 106.78988473957912, 10.875637277899806),
(15, 'node', 'lang Dai Hoc', 106.79134386128325, 10.866997521468168),
(16, 'node', 'DH CNTT', 106.80514114445627, 10.870158436990936),
(17, 'node', 'DH CNTT', 106.80400388783394, 10.868915147546755),
(18, 'node', 'DH CNTT', 106.8032099539655, 10.868325110065758),
(19, 'node', 'DH CNTT', 106.80245893544132, 10.869210165849735),
(20, 'node', 'DH CNTT', 106.80245893544132, 10.869484111155634),
(21, 'node', 'DH CNTT', 106.8037463957685, 10.871085632526057),
(22, 'node', 'DH Nong Lam', 106.79522769993694, 10.870537744603572),
(23, 'node', 'DH Nong Lam', 106.79522769993694, 10.8687044200089),
(24, 'node', 'DH Nong Lam', 106.79466980046185, 10.866913229929262),
(25, 'node', 'DH Nong Lam', 106.7956139380351, 10.866618209355593),
(26, 'node', 'DH Nong Lam', 106.79672973698534, 10.866639282263392),
(27, 'node', 'DH Nong Lam', 106.79750221318164, 10.867018594349172),
(28, 'node', 'DH Nong Lam', 106.79733055180469, 10.867987945267126),
(29, 'node', 'DH Nong Lam', 106.7971374327556, 10.868156527714055),
(30, 'node', 'DH Nong Lam', 106.79741638249315, 10.868535837871478),
(31, 'node', 'DH Nong Lam', 106.79760950154225, 10.869589474667853),
(32, 'node', 'DH Nong Lam', 106.79715889042772, 10.87039023614485),
(33, 'node', 'DH TDTT', 106.79479854649456, 10.870664180367287),
(34, 'node', 'DH TDTT', 106.7936398322001, 10.871528156651996),
(35, 'node', 'DH TDTT', 106.7935325438395, 10.871991752651327),
(36, 'node', 'DH TDTT', 106.79394023960977, 10.872834652622513),
(37, 'node', 'DH TDTT', 106.79469125813395, 10.873424681185172),
(38, 'node', 'DH TDTT', 106.79580705708419, 10.87348789846195),
(39, 'node', 'DH TDTT', 106.7960216338054, 10.87317181194409),
(40, 'node', 'DH TDTT', 106.79763095921437, 10.873045377243164),
(41, 'node', 'DH TDTT', 106.79773824757497, 10.872497492919857),
(42, 'node', 'DH TDTT', 106.798103028001, 10.871991752651327),
(43, 'node', 'DH TDTT', 106.79698722905079, 10.870474526701626),
(44, 'node', 'Line Han Thuyen', 106.80269496983459, 10.873445753612248),
(45, 'node', 'Line Han Thuyen', 106.80284517353944, 10.872097115277965),
(46, 'node', 'Line Han Thuyen', 106.80265205449035, 10.871486011525423),
(47, 'node', 'Line Han Thuyen', 106.80196540898253, 10.870558817234572),
(48, 'node', 'Line Han Thuyen', 106.80149334019589, 10.87013736433164),
(49, 'node', 'Line Han Thuyen', 106.80166500157284, 10.869884492304125),
(50, 'node', 'Line Han Thuyen', 106.80149334019589, 10.869231238574498);

insert into TSP_LINE (idl, name, description) values
(1, 'line 1', 'Lang DH Thu Duc'),
(2, 'line 2', 'Duong Han Thuyen');

insert into TSP_LINE_POINT (idlp, idl, idp, seq) values
(1, 1, 4, 1),
(2, 1, 5, 2),
(3, 1, 6, 3),
(4, 1, 7, 4),
(5, 1, 8, 5),
(6, 1, 9, 6),
(7, 1, 10, 7),
(8, 1, 11, 8),
(9, 1, 12, 9),
(10, 1, 13, 10),
(11, 1, 14, 11),
(12, 1, 15, 12),
(13, 2, 44, 1),
(14, 2, 45, 2),
(15, 2, 46, 3),
(16, 2, 47, 4),
(17, 2, 48, 5),
(18, 2, 49, 6),
(19, 2, 50, 7);

insert into TSP_POLYGON (idpo, name, description) values
(1, 'polygon', 'DH CNTT'),
(2, 'polygon', 'DH Nong Lam'),
(3, 'polygon', 'DH TDTT');
insert into TSP_POLYGON_POINT (idpp, idpo, idp, seq) values
(1, 1, 16, 1),
(2, 1, 17, 2),
(3, 1, 18, 3),
(4, 1, 19, 4),
(5, 1, 20, 5),
(6, 1, 21, 6),
(7, 2, 22, 1),
(8, 2, 23, 2),
(9, 2, 24, 3),
(10, 2, 25, 4),
(11, 2, 26, 5),
(12, 2, 27, 6),
(13, 2, 28, 7),
(14, 2, 29, 8),
(15, 2, 30, 9),
(16, 2, 31, 10),
(17, 2, 32, 11),
(18, 3, 33, 1),
(19, 3, 34, 2),
(20, 3, 35, 3),
(21, 3, 36, 4),
(22, 3, 37, 5),
(23, 3, 38, 6),
(24, 3, 39, 7),
(25, 3, 40, 8),
(26, 3, 41, 9),
(27, 3, 42, 10),
(28, 3, 43, 11);
